"","baseMean","log2FoldChange","lfcSE","stat","pvalue","padj"
"ENSG00000006377.10",12.3108278051797,-2.38140876698448,0.269930698575765,-8.82229690638932,1.1213545299701e-18,1.0585039760708e-15
"ENSG00000010438.15",15.1860408762545,-1.53442115069341,0.254718809581978,-6.02398053450219,1.70178842234826e-09,1.07079517282842e-07
"ENSG00000019186.8",45.6415877798033,-1.67105271226869,0.256572748786285,-6.51297817158523,7.36752204275597e-11,7.70642805672274e-09
"ENSG00000036473.6",2.26700504860185,1.54748753443665,0.332244686935487,4.6576742843058,3.19801655671227e-06,5.50087274568348e-05
"ENSG00000039068.17",21560.1177337003,-1.86366506036185,0.1515787799389,-12.2950261317124,9.63256100214598e-35,6.21332293175089e-31
"ENSG00000047457.12",3116.28391543771,-1.70153849730899,0.268040324280612,-6.34806908951372,2.18034167655207e-10,1.90482129945639e-08
"ENSG00000054938.14",104.858587340961,-1.6185449727628,0.227507924467055,-7.1142355878561,1.12534786158878e-12,2.30440280101635e-10
"ENSG00000065371.16",95.4756272981269,-2.09992815311942,0.339147233992652,-6.19178911883715,5.94851036403789e-10,4.41125882994255e-08
"ENSG00000069482.6",93.4046835894098,-1.69368741152078,0.22775619944841,-7.4364053124465,1.03462065582616e-13,2.74259511108109e-11
"ENSG00000071991.7",64.2018708843199,-2.20135623390517,0.361725256530622,-6.08571338097543,1.15973751882037e-09,7.73864852644586e-08
"ENSG00000074803.16",73.0630858467653,-1.52979781696772,0.25942526103655,-5.89687299862518,3.70454766524429e-09,2.03655403040177e-07
"ENSG00000075043.16",7.11904770130526,-1.53504287311632,0.293555398563326,-5.22914203121077,1.70298499364044e-07,4.85338182797293e-06
"ENSG00000077522.11",109.790146250001,-1.81538629273062,0.279527792265837,-6.4944751218303,8.33233971296246e-11,8.41979664676432e-09
"ENSG00000077935.15",90.9119794184078,-1.53295618424352,0.214851760428404,-7.13494821353512,9.68236063149871e-13,2.02554984410953e-10
"ENSG00000082556.9",8.4224111506939,-1.59690069973236,0.314567043214017,-5.07650351230818,3.84443695150309e-07,9.48294448037429e-06
"ENSG00000088386.14",32.1447613819209,-2.46518044791649,0.261744128507872,-9.4182836572869,4.58521553935202e-21,7.09828047216008e-18
"ENSG00000090512.10",1.91992410748493,-1.93428189193679,0.430818592066401,-4.48978277065319,7.12958444479749e-06,0.000107574727946414
"ENSG00000092758.14",459.143403578572,-1.56160951520614,0.218494909864926,-7.14712080099042,8.86168899954926e-13,1.88442355857448e-10
"ENSG00000094755.15",8009.71286920963,-1.93473812423757,0.300765438494504,-6.4327142570702,1.25345158443358e-10,1.19947477919491e-08
"ENSG00000096006.10",473.120038341748,-1.91670724642822,0.325166242045825,-5.89454561571034,3.75713800300619e-09,2.05670091926939e-07
"ENSG00000100121.11",1.04092693791756,-1.54018084429519,0.382200456842024,-4.02977237918843,5.58308890570091e-05,0.000585415082168617
"ENSG00000100604.11",50.8329930245259,-2.82404621748641,0.327205728824686,-8.63079698399629,6.09259402377201e-18,4.36658470200045e-15
"ENSG00000100867.13",6837.52977841296,-1.5425635069952,0.327475060348002,-4.71047628896059,2.47138552426658e-06,4.41790127298684e-05
"ENSG00000101292.7",1.17604500727739,-1.72673018828929,0.411723694428276,-4.19390530993619,2.74192476342233e-05,0.000326215715321153
"ENSG00000101323.4",1.32057145117744,-2.06934645928332,0.565690745318827,-3.65808788000769,0.000254103926263597,0.0019887421949957
"ENSG00000101425.11",75.7356769329485,-2.08539857803834,0.245875339202851,-8.48152801659319,2.22255531334136e-17,1.41012025798258e-14
"ENSG00000101489.17",60.3815985237428,-1.68171157976746,0.195856576637362,-8.58644426774207,8.97022976730742e-18,6.09062863954968e-15
"ENSG00000102021.9",0.624325152428593,-1.91628037898107,0.474982686908489,-4.03442153113734,5.47369778183021e-05,0.000576443677693586
"ENSG00000102109.8",132.35741343977,-1.72582964825213,0.274945089347818,-6.27699753556562,3.45173552733361e-10,2.84838098888839e-08
"ENSG00000102243.11",310.605424424645,-3.12245383507273,0.331025775273407,-9.43266074218471,3.99815701449723e-21,6.72768142500312e-18
"ENSG00000102290.20",21.7709999235509,-2.10333464473975,0.30311285900645,-6.93911387208747,3.94567001738188e-12,6.7869031561206e-10
"ENSG00000102854.13",566.736098811686,-4.16592394504962,0.291746055374626,-14.2792811361245,2.94624871422031e-46,5.70128588688772e-42
"ENSG00000103355.11",8.44810910759304,-3.39002037279134,0.413016014841235,-8.2079634953005,2.24971584859296e-16,1.18759543196994e-13
"ENSG00000105141.5",209.357297563418,-2.20374573380817,0.3923419452103,-5.61690066716403,1.94413111575321e-08,8.03864983353427e-07
"ENSG00000105143.11",12.3035090302428,-1.75986415056273,0.333843048105095,-5.27153151923271,1.35290047983751e-07,4.03078940497853e-06
"ENSG00000105825.10",808.708566126167,1.59900311173811,0.255523428906897,6.25775537913873,3.90557781446043e-10,3.13596831068978e-08
"ENSG00000107159.11",128.836251445254,-2.38378521058391,0.303874473666603,-7.84463789215571,4.34204553727623e-15,1.5705219288193e-12
"ENSG00000108342.11",12.9421957590259,2.17210046142113,0.313784315858737,6.92227224766387,4.44456014425896e-12,7.57768135255993e-10
"ENSG00000108688.10",18.8765024615222,-1.53902588824322,0.32513951503025,-4.73343231781606,2.20754597523529e-06,4.02622263588861e-05
"ENSG00000109158.9",2.4447096892547,1.9943813180794,0.357913517373344,5.57224363224884,2.51479399483295e-08,1.00234353437719e-06
"ENSG00000109181.10",3.08468191828068,-1.52471257154085,0.43789255901864,-3.48193304530654,0.000497808146009814,0.00342875438100584
"ENSG00000109208.4",1.34737027419165,-2.00266485750606,0.741909320842198,-2.69933912574744,0.00694773375616393,0.0280855642188277
"ENSG00000109424.3",47.5984276034038,2.78244930701148,0.300332158477309,9.26457333479893,1.95858808313874e-20,2.70718842834412e-17
"ENSG00000110148.8",18.9227388544364,-3.45801713927662,0.362298207409046,-9.5446708500338,1.36540492421288e-21,2.51637625604224e-18
"ENSG00000110245.10",1.39767925503636,1.59478497552115,0.591391887363149,2.69666359921143,0.00700379845275304,0.0282590708630576
"ENSG00000112238.11",3.23063209264474,-3.57328855534966,0.551390555750959,-6.48050373384265,9.14168918792751e-11,9.14216162664523e-09
"ENSG00000112333.10",3.50089039051142,-1.59428512829886,0.35538033623141,-4.48613771151571,7.25258745509714e-06,0.000109132830360486
"ENSG00000115592.10",7.60608275302773,-1.94434103005728,0.29689070004483,-6.54901291877345,5.79186217140787e-11,6.26135893178288e-09
"ENSG00000115596.3",100.572394367167,-2.06383845707078,0.263342983470768,-7.83707403125046,4.61166184480464e-15,1.65259756220027e-12
"ENSG00000115850.8",17.3316034554267,-2.05878804511578,0.249397823023271,-8.25503615131267,1.51856267940075e-16,8.27766377720674e-14
"ENSG00000116996.8",1.94462264109403,-1.53614258611197,0.408452904538413,-3.7608805545108,0.00016931627130063,0.00143703472190285
"ENSG00000117148.7",43.3618058776756,-2.07734220056814,0.352088269660174,-5.90006080740245,3.63367628654115e-09,2.00614179232119e-07
"ENSG00000120068.6",84.0425793715398,1.79220385877026,0.205021053972763,8.74156006928126,2.29913227970291e-18,1.91063976085887e-15
"ENSG00000120289.11",4.70014574061475,-2.23968151503849,0.513764692866856,-4.3593527272979,1.30447707717397e-05,0.000177517130241867
"ENSG00000120563.7",1.62458376076682,-1.76374673324271,0.384520610188164,-4.58687177360825,4.49936830317424e-06,7.32579153036308e-05
"ENSG00000123358.18",6571.2535409326,1.79751504787363,0.18326571251217,9.80824521528685,1.03757120466439e-22,2.36212239781891e-19
"ENSG00000124102.4",101.85535808988,-2.34560461680899,0.302936033214487,-7.74290397850504,9.71714274680538e-15,3.27019877032054e-12
"ENSG00000124205.14",127.488228392439,1.67514593866908,0.302595272286619,5.53592898530939,3.09582993899688e-08,1.18746095440096e-06
"ENSG00000125740.12",6779.96082613075,1.569878658801,0.230300600074594,6.81665031829062,9.31877160214679e-12,1.39788797886157e-09
"ENSG00000125798.13",2.80170526851345,-2.5717651172965,0.520484467451226,-4.94109868425132,7.76835749975662e-07,1.70437058931735e-05
"ENSG00000126545.12",33.0834049557,2.19331492532763,0.46022042377355,4.76579224221228,1.88113019115389e-06,3.53523925523948e-05
"ENSG00000127928.11",20.3164120426453,-1.61508826550563,0.561268810883477,-2.87756638920194,0.00400755573787547,0.0183312164244482
"ENSG00000129988.5",410.487927658164,-1.67641084424881,0.278764865935621,-6.01370921913797,1.81325642709639e-09,1.12643098300938e-07
"ENSG00000130234.9",45.0546473006614,-1.74864730476714,0.251222504869544,-6.96055198428653,3.38942060382046e-12,5.93562697778549e-10
"ENSG00000130294.13",687.226969116386,-3.53879228998456,0.310291048849877,-11.4047514522299,3.95906435240651e-30,2.18891012238338e-26
"ENSG00000131686.13",14.5207723941382,-2.07567128752431,0.363216642535864,-5.71469212708049,1.0990281618918e-08,5.00924076792773e-07
"ENSG00000131737.5",1.04086291917826,-1.95317468211778,0.472511320791713,-4.13360399248244,3.57118596164397e-05,0.000405801112311108
"ENSG00000132437.16",24.0313661382374,-2.67570224376483,0.309118668159311,-8.65590635369148,4.8901002260388e-18,3.71091488133634e-15
"ENSG00000134824.12",6921.16612317816,-1.51663161224378,0.20147891111526,-7.52749557682573,5.17227600388571e-14,1.47189283751753e-11
"ENSG00000134827.6",1054.4471164031,1.5262437706093,0.305151144683426,5.00159936215439,5.68566504176784e-07,1.31449586885603e-05
"ENSG00000135220.9",0.740053554576898,-1.57977186643056,0.495789399124146,-3.18637685521586,0.00144066804010589,0.00809358898071971
"ENSG00000135222.6",19.7716286349865,5.39882139577126,0.944755594077265,5.71451646289986,1.10016398448105e-08,5.00924076792773e-07
"ENSG00000135226.15",59.5441413363955,-1.7421305955045,0.369253571783474,-4.71797899500363,2.38199080469948e-06,4.28183038195446e-05
"ENSG00000135346.7",135.196878634728,1.64106166355807,0.422232113119783,3.88663394508914,0.000101643851496099,0.00095411601760903
"ENSG00000135374.8",1356.85005726414,-1.84091962083796,0.279775705595161,-6.57998383713059,4.70499412071241e-11,5.32434744034537e-09
"ENSG00000135413.7",24.1331039554625,-1.6740484770458,0.545659113551718,-3.06793827037791,0.00215541137441214,0.0111896352800132
"ENSG00000135443.7",2.68364817501217,-2.18784150900235,0.326607133726405,-6.69869480204031,2.10289261493908e-11,2.7219448154974e-09
"ENSG00000136099.12",14.6449383708448,-1.64950092230482,0.298782867269858,-5.520734630393,3.37585285180282e-08,1.27927332777716e-06
"ENSG00000136352.16",1.52288319664632,-1.82464560694593,0.696990195521625,-2.61789278912364,0.00884745977189947,0.0340034149048712
"ENSG00000136694.8",0.632865547093715,-2.00497904081004,0.801521656435194,-2.50146583652809,0.0123680374653449,0.0440154285962095
"ENSG00000136928.4",72.4826584627859,-3.74492996645317,0.349291631685877,-10.721499248001,8.06847302851201e-27,3.4696227016608e-23
"ENSG00000137090.10",2.85675058102792,-1.91003033453163,0.411984232111254,-4.63617339125697,3.54918279998169e-06,5.97739219864627e-05
"ENSG00000137204.13",4.14278416145152,1.76400615268546,0.304211602304652,5.79861563241399,6.68645906274446e-09,3.32621257900175e-07
"ENSG00000137648.15",362.632345796764,-1.60765303550197,0.299780465529146,-5.36276782633012,8.19563198732608e-08,2.6165819848646e-06
"ENSG00000138136.6",2.36278741645792,-2.04922193053559,0.525576441546349,-3.8989988297542,9.65912414452295e-05,0.000915904635813844
"ENSG00000138622.3",17.7055783364703,-1.65620994447107,0.270713492514565,-6.11794384198254,9.47904574220437e-10,6.50457497012045e-08
"ENSG00000140522.10",3.63314176827884,-2.10874952057561,0.310742989910379,-6.78615315242927,1.15162899394154e-11,1.65713439186493e-09
"ENSG00000140600.15",9.51052568087393,-2.45073198244054,0.305066344294442,-8.03343937564991,9.47774977001056e-16,4.31538672469351e-13
"ENSG00000142449.11",140.284354338288,-2.3965117289724,0.268912885389271,-8.91185160392472,5.01872780906078e-19,5.11144220174396e-16
"ENSG00000142619.4",88.4255215458699,-1.53078553919859,0.309883981606933,-4.93986662769902,7.81760241452031e-07,1.7132324385434e-05
"ENSG00000142698.13",2.9468167109782,-3.11315741376785,0.505259910778968,-6.16149697878907,7.20604460506932e-10,5.17418067356944e-08
"ENSG00000143032.7",0.754757226061688,-1.86300804981324,0.511362460673444,-3.64322411809371,0.000269244209469376,0.0020830388285797
"ENSG00000143125.5",16.0588072378334,1.95081397156059,0.270374442134809,7.21523068584979,5.384262117101e-13,1.21860650559089e-10
"ENSG00000143452.14",92.8498648993214,-4.95202517142292,0.323065169930971,-15.3282545824454,4.95112443942108e-53,1.91618418054475e-48
"ENSG00000143536.7",0.655184593305602,-2.09410595950092,0.748189781002376,-2.79889676746904,0.0051277528278667,0.0221588086136777
"ENSG00000143546.8",794.481996755803,-1.68140463284499,0.27057775981097,-6.21412725872092,5.16106892271009e-10,3.93196239068358e-08
"ENSG00000144015.4",1.63971315173078,-2.74823127167528,0.645203503812639,-4.25947976946098,2.04903242461456e-05,0.000257055600964126
"ENSG00000144285.14",11.7001054442778,-1.90356575008122,0.399724808173123,-4.76219066507569,1.9150261394858e-06,3.58912066103531e-05
"ENSG00000145321.11",1.75454883731087,3.31529125581081,0.767188501694737,4.32135159545178,1.55076337244941e-05,0.000203864280028998
"ENSG00000146857.3",4.97042369165934,-2.31134449132922,0.470346177898334,-4.91413473722075,8.91754093480267e-07,1.90677717822504e-05
"ENSG00000147381.10",16.6053808380492,-3.49977281099749,0.760955115836723,-4.59918428585534,4.24148455400112e-06,6.97044310866035e-05
"ENSG00000147485.11",194.621966947268,-1.80266933150831,0.204755227197891,-8.80402105566793,1.31999610214498e-18,1.18805788709802e-15
"ENSG00000148482.10",6.80585373537389,-1.74934504172594,0.337768303285753,-5.17912730326857,2.2292630835691e-07,6.06729534882499e-06
"ENSG00000148604.12",8.88369118436377,-2.19380050270302,0.357925667280445,-6.12920699253489,8.83181625349125e-10,6.12560847029782e-08
"ENSG00000148677.6",36.6729656026455,-2.39287342245085,0.253885069473001,-9.42502616407426,4.29998350616254e-21,6.93408173564594e-18
"ENSG00000148798.8",9.37054691441488,-1.95943200725483,0.247437663703163,-7.91889148131241,2.39637378175631e-15,9.56128434036422e-13
"ENSG00000150361.10",10.258934926473,-3.0424170504031,0.811536793837675,-3.74895762398624,0.000177571083375757,0.00149452496258562
"ENSG00000152192.7",11.2343534851118,-4.00550059072283,0.412960480849257,-9.69947676950947,3.03048705313634e-22,6.17294262792014e-19
"ENSG00000153002.10",21229.9614428785,-5.36738223266253,0.392171258331025,-13.6863222855868,1.22557190232327e-42,1.18580209409288e-38
"ENSG00000154645.12",92.6900127574221,-2.27531558261805,0.219231401903544,-10.3786025307594,3.10283735683328e-25,1.09169101258329e-21
"ENSG00000155622.6",2.85411163039514,-3.18359551090802,0.554343336305163,-5.74300312172503,9.30120115146356e-09,4.40067343476703e-07
"ENSG00000155918.6",23.6464182736953,-2.43087121310932,0.315227575902871,-7.71148020964486,1.24366746236308e-14,3.97788579573354e-12
"ENSG00000156096.11",31.170524562092,-1.78711427876458,0.363199772594323,-4.92047190998851,8.63357910401564e-07,1.85734729562876e-05
"ENSG00000156219.15",125.339094764614,-4.39191483525802,0.308584089203742,-14.2324733805646,5.76076463691651e-46,7.43177043259809e-42
"ENSG00000156222.10",14.7833041813017,-1.50976946757337,0.234864549347428,-6.42825608108275,1.29076164272135e-10,1.22739698026048e-08
"ENSG00000158164.6",108.408352765051,-1.71979375057252,0.212361310651282,-8.09843255015781,5.56718159585285e-16,2.69326327653371e-13
"ENSG00000160182.2",16256.3591543012,1.5024662303492,0.300677369752615,4.9969381852228,5.82477293732239e-07,1.34184739416816e-05
"ENSG00000161634.10",198.696853722931,-2.62405035993037,0.509101571268982,-5.15427668665349,2.5461177383268e-07,6.73546471009733e-06
"ENSG00000162670.9",400.971956080814,1.78459537736785,0.470109269088389,3.79612888898881,0.000146973106768777,0.00128516791192165
"ENSG00000163064.6",512.888390806341,-2.38294041355427,0.241502463509759,-9.86714743577754,5.77845245843194e-23,1.39773541903896e-19
"ENSG00000163216.6",1.57204502892375,-2.41721417425053,0.904821910680545,-2.67148059271959,0.00755174392105324,0.0300069397569407
"ENSG00000163377.13",5.90222756521645,-1.6203663984205,0.326508203613846,-4.96271266842922,6.95153835906443e-07,1.55873949926137e-05
"ENSG00000164326.4",38.9788057499605,-2.08079696677714,0.565597900092053,-3.67893333132688,0.00023421147751937,0.00185899356090128
"ENSG00000164404.7",346.446393160524,2.14359112702442,0.234334942192793,9.14755224707732,5.82381255169249e-20,7.08330043522445e-17
"ENSG00000164434.10",161.164641091677,-1.70479712349365,0.323866082990273,-5.26389521172815,1.41034855012339e-07,4.16031323070698e-06
"ENSG00000164438.5",1.20058429424596,-3.02287655708569,0.770112406149536,-3.92524069596501,8.66430587851651e-05,0.000835391046612721
"ENSG00000164458.8",0.752902867609914,-1.63997468997236,0.574801682705818,-2.85311393357854,0.00432930967066652,0.0194874322952007
"ENSG00000164794.7",1.89123901608786,-2.10957849213123,0.449557708191761,-4.6925643887111,2.69801578286029e-06,4.75928016537188e-05
"ENSG00000165553.4",4.25033823254316,-1.50584297688462,0.314294596273264,-4.79118315981279,1.65800682916304e-06,3.2020050051032e-05
"ENSG00000165973.16",56.2063797612926,1.50097258148791,0.448816849910221,3.34428750121158,0.000824941997311645,0.00514618071888383
"ENSG00000166111.8",3.29597800752217,-1.79218484534497,0.36193843560962,-4.9516289761444,7.35948180170883e-07,1.63504110365795e-05
"ENSG00000166342.17",53.4345122950343,-1.53429260269693,0.24991787574842,-6.13918711537637,8.29448206029183e-10,5.80493751713227e-08
"ENSG00000166407.12",10.8679120922167,-1.5387151927951,0.301997964706535,-5.09511775779792,3.48524550715535e-07,8.72483645652822e-06
"ENSG00000166426.7",713.577329302769,-1.77702125020184,0.319020908834839,-5.57023442974964,2.54396806043867e-08,1.00981181410356e-06
"ENSG00000166535.18",326.303051878416,-2.97746727516095,0.296647956503116,-10.0370395611664,1.04771408232253e-23,3.11912541646512e-20
"ENSG00000167165.17",3.46377969628028,-3.26746045703947,0.594302076575438,-5.49797920254232,3.84168225735497e-08,1.42278264807801e-06
"ENSG00000167531.5",21.1512293300973,3.22423661102532,0.863014465242494,3.7360168813849,0.00018695812261469,0.0015543068162457
"ENSG00000167656.4",52.8774615130703,-1.80621973109315,0.301813298833019,-5.98455978605654,2.16975882323894e-09,1.31620699023501e-07
"ENSG00000167771.5",204.73490916316,-1.58732175501004,0.169608855379796,-9.35871981127186,8.07086235973208e-21,1.20137890402443e-17
"ENSG00000167941.2",2.48054682613617,-1.54937898013632,0.319426975464101,-4.85049510262933,1.23153674851375e-06,2.48892612224434e-05
"ENSG00000168333.12",1.18225990853562,-2.13249520350168,0.718541620391296,-2.96781027428918,0.00299929399432306,0.0146157990642522
"ENSG00000168484.11",1.62348064179318,-1.61546806676698,0.465407038526603,-3.47108645344357,0.000518357082097423,0.00354818814844967
"ENSG00000168619.14",0.743081136178206,1.67559464568835,0.493606597544584,3.39459531947809,0.00068730109955995,0.00444666117605637
"ENSG00000169213.6",448.274291745231,-1.59829338229575,0.231751930128683,-6.89656988577518,5.3273163672113e-12,8.84883253406918e-10
"ENSG00000169245.5",3250.52078234664,-1.53100471979708,0.216418454715023,-7.07427987975001,1.5022681702945e-12,2.95130876785471e-10
"ENSG00000169474.4",6.07439899919747,-1.87010606337719,0.49359219917243,-3.78876746130239,0.000151396541380605,0.00131582055794121
"ENSG00000169509.5",1.01125801304838,1.93682979216549,0.697397751979461,2.77722402555512,0.00548253763587966,0.0233398779130375
"ENSG00000169548.3",1.59728030425435,-1.95477473207691,0.508206850160416,-3.84641555197433,0.000119858415070042,0.00108661522137286
"ENSG00000170419.9",1349.71818786559,1.69303820886046,0.471777541787632,3.58863671730811,0.00033241166038102,0.00246739472191528
"ENSG00000170454.5",34.5421107990901,-1.71941618530438,0.320627980387173,-5.36265170378487,8.20090421074043e-08,2.6165819848646e-06
"ENSG00000170465.9",20.6732810349732,-1.8557651673415,0.321846219802856,-5.76599957730816,8.11752624251802e-09,3.89782258855996e-07
"ENSG00000170523.3",21.524768722053,-1.81154509332045,0.299280283819515,-6.05300513017732,1.42168338089394e-09,9.23187755157002e-08
"ENSG00000171195.9",63.5292726604906,1.65111933130625,0.459478284988597,3.59346542643953,0.000326308963689314,0.00243095467039535
"ENSG00000171199.8",243.949279112343,2.13616421704954,0.418196094399054,5.10804439749538,3.25510176904436e-07,8.22316897294745e-06
"ENSG00000171360.3",1.5301153474974,-2.41980470821083,0.520941784115945,-4.6450578202655,3.39981221928605e-06,5.7760988810715e-05
"ENSG00000171431.3",10.898460290634,-3.26845841061258,0.450111699371619,-7.26143847221818,3.82995212286401e-13,9.038219942627e-11
"ENSG00000171446.6",1.58831837881429,1.57135588617661,0.262415200325431,5.98805208016881,2.12369067961599e-09,1.29506443445704e-07
"ENSG00000171450.5",4.14585554505319,-1.59770985126656,0.356441357822818,-4.48239188916107,7.38110380813801e-06,0.0001105987266752
"ENSG00000171560.13",22.2287765940923,-1.78119110649206,0.561993067360331,-3.16941828990574,0.00152744398925632,0.00848258534541515
"ENSG00000171564.10",108.769614609393,-1.82768413917063,0.44363521702352,-4.11979046982137,3.79217090042582e-05,0.000426889465352764
"ENSG00000172232.8",81.731154675874,1.551312374192,0.239340240372751,6.48161952113015,9.0743240844758e-11,9.09830286832596e-09
"ENSG00000173237.4",5.86528145657798,-3.32610756578969,0.492278758588936,-6.7565530865553,1.41313218603071e-11,1.96730366416405e-09
"ENSG00000174015.8",9.02103857724371,-2.1618643804031,0.370703605328691,-5.83178676799283,5.48369680513068e-09,2.82596582892367e-07
"ENSG00000174343.5",59.3700953870085,-3.03816524622509,0.310996094983071,-9.7691427488518,1.52738940327022e-22,3.28405692696468e-19
"ENSG00000174502.17",15.6620596083241,-1.64247226781382,0.248936501236622,-6.59795674661869,4.16862836315364e-11,4.844872519843e-09
"ENSG00000175084.10",231.79380153018,2.06466417414011,0.234400248706624,8.80828491237759,1.27075113364271e-18,1.17096691367238e-15
"ENSG00000175868.12",4.3762685720569,-1.59862229365901,0.314563309404237,-5.08203673431177,3.7340917411356e-07,9.24020579062852e-06
"ENSG00000176076.7",13.122452308006,-1.53667140008882,0.208788903245353,-7.35992850291972,1.84008757658466e-13,4.59452060574062e-11
"ENSG00000176654.11",5.14728228223801,-1.71507664727039,0.378476787283128,-4.53152400595546,5.85596809737356e-06,9.12022846295982e-05
"ENSG00000176769.9",14.299149329719,-1.63932837480502,0.255889479383187,-6.40639223916734,1.4900333583769e-10,1.37959978554791e-08
"ENSG00000176887.6",529.630467452392,-1.7997825843109,0.2421002475956,-7.43403859428191,1.0533121587625e-13,2.77314878696777e-11
"ENSG00000177614.8",381.010561227017,-1.6710843036427,0.191006292085161,-8.74884426790319,2.15548883805497e-18,1.85381620023119e-15
"ENSG00000178445.8",414.426699273105,-1.93424940824168,0.295026282391097,-6.55619354508076,5.51985815950281e-11,6.06257791215653e-09
"ENSG00000178597.5",3.97323671999708,-2.92569619280188,0.585364878703049,-4.99807265390459,5.79061688512447e-07,1.33556885988133e-05
"ENSG00000179059.8",5.87703101288711,-2.40432243243393,0.388163012130948,-6.1941049437828,5.86171636967826e-10,4.36269513344784e-08
"ENSG00000179066.7",47.8675266940797,-1.74541257206913,0.26026843525555,-6.70620150444046,1.99755838389843e-11,2.6118075869472e-09
"ENSG00000180264.9",31.0606405604151,1.75817782752,0.338623761440453,5.19212774685683,2.07904266371877e-07,5.71065359625577e-06
"ENSG00000180772.6",2.75073083114647,2.23308359483666,0.47228017745332,4.72830260816393,2.26404583923563e-06,4.1041265606603e-05
"ENSG00000181355.19",7.62031566508435,-4.09700252365294,0.439098067172651,-9.3304954631969,1.05377143564165e-20,1.51048378156307e-17
"ENSG00000183566.9",10.3569675963091,1.84162655595444,0.491657823779711,3.74574850003728,0.000179856709550943,0.00150732229818982
"ENSG00000183571.9",5.05431458660975,-1.70631014988401,0.290759468589463,-5.86845944574631,4.3986295498616e-09,2.33519562193064e-07
"ENSG00000183654.8",23.6594851513943,1.54055660795572,0.380213116710675,4.05182393833091,5.08199020935403e-05,0.000542125647966979
"ENSG00000183674.10",5.18566382424415,-2.44600017584936,0.42253061966597,-5.78892998993313,7.08362124657174e-09,3.49681517200025e-07
"ENSG00000184697.6",16.7289514939268,-2.61936664597872,0.250408874407442,-10.4603586920675,1.31357448014245e-25,5.08379595304729e-22
"ENSG00000185149.5",61.1030703283543,1.82417145584543,0.429607454659349,4.24613548033489,2.17489152710554e-05,0.000269266320799868
"ENSG00000185559.12",80.3504810722839,-2.27763731915104,0.405815201134166,-5.61249877477616,1.99425622644875e-08,8.21956384196162e-07
"ENSG00000185686.16",984.20587883363,-2.54028328051422,0.379068891940459,-6.70137627888818,2.06465623551651e-11,2.68142032305235e-09
"ENSG00000185915.5",9.81165050476174,-1.61667932378009,0.272493627317625,-5.93290690756466,2.97617616695807e-09,1.70399961597248e-07
"ENSG00000186007.8",28.2044080157744,-1.78122967819246,0.303350150477763,-5.87186020968543,4.30932052899224e-09,2.29723585555176e-07
"ENSG00000186439.11",21.8369234079415,1.64738917948151,0.248440037894871,6.63093273306701,3.33572234036696e-11,3.97228080051944e-09
"ENSG00000186474.14",51.7457849474144,1.93574868992242,0.377549600656555,5.12713743189285,2.94180776195748e-07,7.57510605477566e-06
"ENSG00000186684.11",53.4523463512038,-1.74903262975593,0.221766909664371,-7.88680616239353,3.10018377183219e-15,1.1536856955524e-12
"ENSG00000187122.15",86.4304675997821,-1.82637103029332,0.213596775252681,-8.55055526064359,1.2249776654339e-17,8.17398027717637e-15
"ENSG00000187533.12",1.6213937528826,-2.19697638601574,0.582523745571525,-3.77147953661571,0.000162282468223157,0.00138952568256032
"ENSG00000187689.8",13.6740435767496,-2.77851066256867,0.410680852523503,-6.76562017804242,1.32739358529326e-11,1.86810225035802e-09
"ENSG00000187772.6",2.32291841308719,-3.95182184381911,0.748188634006696,-5.28185228189892,1.27884293785518e-07,3.83970359820568e-06
"ENSG00000187957.7",55.0816268580508,-2.09800081358862,0.275911967467832,-7.60387754414177,2.87387203295778e-14,8.55573810919477e-12
"ENSG00000188763.4",40.2746928792442,-2.32071504963069,0.231937026997859,-10.0057980378101,1.43728137133168e-23,3.78586561392439e-20
"ENSG00000189182.8",12.890027427868,2.40468885875325,0.463667550816716,5.18623495329267,2.14588057438855e-07,5.88171883781769e-06
"ENSG00000196196.2",217.603444133301,-1.84644889503924,0.238696240885022,-7.73555917006947,1.0294960475046e-14,3.43478931297611e-12
"ENSG00000196228.3",9.09582151181114,-2.36214834434156,0.879120601203659,-2.68694459111457,0.00721089134151131,0.028910796301582
"ENSG00000196611.4",1204.80651429766,-2.74624878158854,0.271786740438173,-10.1044251723283,5.28043240884083e-24,1.70302745905798e-20
"ENSG00000196754.9",560.820407640834,-1.62962705200865,0.238547119362235,-6.83146816597709,8.40499445662248e-12,1.2857316026095e-09
"ENSG00000197106.6",93.1737331866195,-1.95902362088481,0.205191224019479,-9.54730705587505,1.33111300089769e-21,2.51637625604224e-18
"ENSG00000197172.9",12.4938515571734,-3.91057226166477,1.00417631984641,-3.89430838427148,9.84793014047662e-05,0.000929369890994211
"ENSG00000197446.7",3.56251443050319,-1.54656599661188,0.325864221733316,-4.74604419099919,2.07433411621412e-06,3.83202286232549e-05
"ENSG00000198077.9",96.0640777379186,-2.04949260875045,0.354437243720524,-5.78238502036906,7.36489061322781e-09,3.59440096485678e-07
"ENSG00000198729.4",313.77110535143,-2.01114115766174,0.241343160920739,-8.33311849396982,7.8740283500784e-17,4.71922626263818e-14
"ENSG00000198732.9",294.196607940206,-1.66008574968065,0.224570499828783,-7.39226991499922,1.44343135217364e-13,3.69958146965723e-11
"ENSG00000199161.1",2.70077726492906,1.72685237542892,0.251587677319906,6.86381938028363,6.70433904771546e-12,1.07664452209412e-09
"ENSG00000201431.1",1.00013519410903,1.64077292609357,0.448961248730829,3.65459809890469,0.000257585161513064,0.00201151350300214
"ENSG00000203647.2",1.02492586864252,1.78700302862672,0.498936227536535,3.5816261277517,0.000341462217726506,0.00252296119710791
"ENSG00000203685.8",691.446666766058,1.63615153974647,0.247258033289207,6.61718253591677,3.66109325931132e-11,4.30673651434246e-09
"ENSG00000203688.4",42.5876935332869,-3.75455035499637,0.277184217090471,-13.54532517907,8.44391446384276e-42,6.53592755159285e-38
"ENSG00000203730.2",9.32807585457166,1.60961654738958,0.204128746790995,7.88530068740218,3.13779038691091e-15,1.15655965289739e-12
"ENSG00000203878.10",0.799526929767153,1.74148543825728,0.646368447048772,2.69426121619745,0.00705448536846749,0.028425059107801
"ENSG00000204019.4",15.3260473634325,-6.03840638718786,0.989534605105706,-6.10226904246851,1.04573154783014e-09,7.03859171549951e-08
"ENSG00000204365.4",0.840535619378421,-1.56262876529297,0.631399321983525,-2.47486608060334,0.0133286143952988,0.0466658254321382
"ENSG00000204544.5",4.40583667056624,-1.99491564864712,0.369627778536321,-5.39709341258583,6.77291302380909e-08,2.24614635687626e-06
"ENSG00000204610.11",2.75389852325473,-1.84088999008638,0.359482649004588,-5.1209425411319,3.04012276813369e-07,7.78681875395832e-06
"ENSG00000204710.2",86.0283546110255,-3.06572813877597,0.428240495618741,-7.15889358932876,8.13307844639489e-13,1.75847151973394e-10
"ENSG00000205002.3",2451.25683749974,-1.56206108754327,0.210218255267882,-7.43066336247881,1.08054392242962e-13,2.82562235715347e-11
"ENSG00000205325.1",6.94057860763106,-3.07111591758979,0.38713832035835,-7.9328647051706,2.14147690479365e-15,8.68891193115811e-13
"ENSG00000205334.2",3.53113795419669,-1.50700329927653,0.29696557060598,-5.07467345861467,3.88162003168339e-07,9.56247348607324e-06
"ENSG00000205424.1",0.956682166064872,-2.30155804410744,0.483030967056691,-4.7648250341625,1.89017594252685e-06,3.54942209256061e-05
"ENSG00000205426.9",1524.79463745248,-2.27715890637273,0.28708265462069,-7.9320671929185,2.1552776223223e-15,8.68891193115811e-13
"ENSG00000206014.6",1.35481937073489,-1.86579648921897,0.365569229543148,-5.10381164068609,3.32879611316035e-07,8.38743926897993e-06
"ENSG00000206043.6",0.801822979312784,-1.5009641383732,0.404043524920966,-3.71485754824756,0.000203318199550306,0.00166219285149893
"ENSG00000206249.3",1.96183293406588,-2.04770680028657,0.372986436871639,-5.49003019375548,4.01865038623536e-08,1.47691467476768e-06
"ENSG00000206931.1",0.558421189087255,-2.02276680306907,0.782238452671294,-2.58586981522253,0.00971336100794611,0.036547394296085
"ENSG00000207296.1",0.811828997905699,-2.93220683784485,1.02814584499278,-2.85193667039079,0.00434537569016644,0.0195415675064864
"ENSG00000208035.1",5.61370497093382,2.02237568775061,0.279432112858957,7.23744907862969,4.57202317805225e-13,1.05955952716753e-10
"ENSG00000211452.9",735.090651985061,-1.58437716897468,0.29887101353695,-5.30120720047278,1.15039434421116e-07,3.50295530367115e-06
"ENSG00000213759.7",2655.28147857629,-2.53968714726381,0.454169446043544,-5.59193747925596,2.2454968248253e-08,9.08100502762682e-07
"ENSG00000213886.3",676.477769887359,-1.65835145501184,0.238960496113148,-6.93985609331266,3.92499560125314e-12,6.78148123927227e-10
"ENSG00000214107.6",2.15371590792456,-1.93340347417445,0.679000552415133,-2.84742548043228,0.00440744116143861,0.0197381147685717
"ENSG00000214381.4",0.525746867406782,-1.905960565419,0.666049133891237,-2.86159153797539,0.00421519760908732,0.0190892321398195
"ENSG00000214415.3",2.59224834464475,-3.11946104131462,0.603113476402934,-5.17226220829883,2.31276726507355e-07,6.23319768056245e-06
"ENSG00000214429.3",1.23893764472819,-2.57582684278955,0.459653884087672,-5.60384004565107,2.096541980783e-08,8.56294939612484e-07
"ENSG00000214866.6",1.23140579663086,1.56486347590149,0.340901512807249,4.59036823572646,4.42464707121087e-06,7.22058979582353e-05
"ENSG00000214897.3",1.07738087592173,-2.61340548021129,0.798111921374389,-3.27448495658463,0.00105854775091328,0.00630126071791565
"ENSG00000215148.6",2.72503314623679,-2.12675115778256,0.577048471570748,-3.68556761270584,0.000228193489164913,0.00182151758996718
"ENSG00000215369.3",0.90747587824674,-2.36875640062969,0.447496949255184,-5.2933464788358,1.20098067639853e-07,3.62561264726801e-06
"ENSG00000216588.7",6.03954780111926,-1.83947901958114,0.26690458930171,-6.89189730455246,5.50531133927251e-12,9.05689949050989e-10
"ENSG00000217275.2",64.2907876927821,-1.54852743694964,0.239928566444992,-6.45411865662387,1.08850501981514e-10,1.06651446270597e-08
"ENSG00000218020.3",0.692783197907605,1.90712001009555,0.491788589126269,3.87792651611502,0.000105350525773385,0.000980585870245684
"ENSG00000220702.1",0.631849221439595,-1.55052600363934,0.474915251268037,-3.26484777968152,0.00109522917828916,0.00647237130220602
"ENSG00000220891.1",2.96371709500049,-2.00197004247418,0.42096104667118,-4.75571328583748,1.97746957321921e-06,3.68473892261578e-05
"ENSG00000222449.1",0.691837656974647,1.57981958297966,0.373349209085416,4.23147965640452,2.32158995282254e-05,0.000283725849135712
"ENSG00000223138.1",0.789852573032461,1.54139190841016,0.378699896983923,4.07022003619819,4.69687546601944e-05,0.000508357646181358
"ENSG00000223669.1",1.00834392164518,-1.8170497442997,0.603825097004399,-3.00923190061851,0.00261909119699096,0.0131012107413654
"ENSG00000223784.1",4.81811864151992,-1.91302760847273,0.376247809100575,-5.08448836697774,3.68618359111282e-07,9.15090938699477e-06
"ENSG00000223941.4",0.692025899469283,-2.60276496637968,0.704580649941704,-3.69406251306366,0.000220699507285451,0.00177520054780388
"ENSG00000224223.1",42.0572499572776,1.63956604321707,0.559041753750743,2.93281500391847,0.00335903976592547,0.0159746322217802
"ENSG00000224235.1",1.47984479573767,-2.56850809992652,0.684310490190812,-3.75342499748955,0.000174434740838765,0.00147304676847957
"ENSG00000224604.1",12.1942330059399,1.99685295123725,0.428711712578956,4.65779891859028,3.19608158532321e-06,5.49998886239124e-05
"ENSG00000224717.1",4.36667504623461,-2.59481819696261,0.366059733024827,-7.08851032458853,1.35563268982803e-12,2.70441733823322e-10
"ENSG00000224817.1",0.812726756833198,-2.40719007110637,0.892537999816458,-2.69701690191497,0.00699637191165788,0.0282349932977042
"ENSG00000224853.1",3.24308665843646,-2.91405305295592,0.607509588904353,-4.79671943649718,1.61285255460873e-06,3.13220899048292e-05
"ENSG00000224887.1",1.26581447579476,-2.50229545745898,0.478921444510386,-5.22485573812036,1.74290940919623e-07,4.94169083917308e-06
"ENSG00000225255.5",1.86469472710513,-3.60659288530897,0.571177058940038,-6.3143167759607,2.71357601622349e-10,2.31834037483182e-08
"ENSG00000225639.1",0.802818340316336,-1.90006551231109,0.422193219380318,-4.50046430186622,6.78051918326431e-06,0.000102909668012037
"ENSG00000225833.1",3.35368239412783,-2.06762487977121,0.505600264713405,-4.08944580150334,4.32405087308231e-05,0.00047424174874074
"ENSG00000225867.1",1.64087950742012,-1.72644312732097,0.377660210448035,-4.57141917405811,4.84432140726323e-06,7.77945755617849e-05
"ENSG00000225882.1",3.93538548594965,-2.90279984452372,0.811529677848989,-3.57694847613926,0.000347628660225985,0.00256122920037105
"ENSG00000225937.1",0.900143777455271,1.6023553208309,0.561551552666294,2.85344295322982,0.00432482920393975,0.0194785918597552
"ENSG00000225972.1",1311.54018306752,-2.35833788773787,0.367725499243528,-6.41331072386702,1.42392876157974e-10,1.33435571260676e-08
"ENSG00000226080.1",31.4963885446004,-1.92842843579778,0.331375198431131,-5.81947123661568,5.90340813893835e-09,2.99049347896848e-07
"ENSG00000226476.2",2.39259996472019,-2.32013104925683,0.406173405417901,-5.71216878877066,1.11545369036036e-08,5.06693529628248e-07
"ENSG00000226580.1",3.18359781418975,-1.64124321187167,0.32610206843973,-5.03291260838782,4.83083383119274e-07,1.14983352358439e-05
"ENSG00000226958.1",42.0390340424229,1.65479319387184,0.239481822437488,6.90989060058532,4.85027600455306e-12,8.1615383447049e-10
"ENSG00000227019.2",0.748214649230584,-1.76993239893152,0.530569253686476,-3.33591211068821,0.000850200376764841,0.00527650643388686
"ENSG00000227128.4",2.17488878865789,-2.27476105879119,0.552280681785849,-4.11884958828462,3.80768575480955e-05,0.000428137867758975
"ENSG00000227234.1",7.8969138437238,-2.99870428306667,0.472308495466624,-6.34903735979607,2.16666416384254e-10,1.89715467124511e-08
"ENSG00000227279.1",0.602558655752244,-1.6066321377791,0.487181961271481,-3.29780711417558,0.000974430473973772,0.00589256378183327
"ENSG00000227363.1",0.772558557773182,1.55189781806523,0.306318105941349,5.06629476992904,4.05633631497799e-07,9.93597013052393e-06
"ENSG00000227730.2",1.39609162806796,1.65934066306983,0.427091323030072,3.88521277205389,0.000102240305917973,0.000959017043053171
"ENSG00000227863.2",3.00063723240078,-1.63463644256394,0.513960643715024,-3.18047006624558,0.00147036329016405,0.00822697702124174
"ENSG00000228952.1",1.883234233707,-1.91024248316109,0.527450678900871,-3.62165138765533,0.000292728422218104,0.00222795976335989
"ENSG00000229028.2",22.0940512285806,1.73371503553672,0.305481821645124,5.67534600324193,1.38408608466485e-08,6.05960403265825e-07
"ENSG00000229205.2",0.751753550322382,1.5888059410365,0.498842068620252,3.18498787688653,0.00144760072421178,0.00812428121062128
"ENSG00000229255.1",0.829012896049708,1.51442591200215,0.574691714038158,2.63519705436644,0.0084088450399353,0.0326385639088934
"ENSG00000229415.8",0.790811774055704,-2.00273136933352,0.561242709709241,-3.56838732100602,0.000359185263915051,0.00262922162918253
"ENSG00000229544.8",34.5115382360195,-3.31715998786096,0.363666823618686,-9.12142591081963,7.41423105257846e-20,8.69532030899671e-17
"ENSG00000230033.1",1.80848932267144,-2.3368717961973,0.622683021479688,-3.75290752370953,0.000174795349900384,0.00147576998949491
"ENSG00000230090.4",0.702141221249405,-2.44077543775005,0.663189579136293,-3.6803585498566,0.000232906229573265,0.00184977157745629
"ENSG00000230251.1",0.908867485410285,-2.32117732824845,0.486488994097065,-4.7712843587687,1.83054891477454e-06,3.47283843625511e-05
"ENSG00000230257.1",12.668701558048,-3.10608030464513,0.342295601269783,-9.07426298533429,1.14449422046608e-19,1.26554900915652e-16
"ENSG00000230432.1",0.97194488711434,-2.27799129991543,0.545317364123759,-4.17736798749442,2.949017161281e-05,0.000347013871012154
"ENSG00000230501.1",2.36372498118526,-1.8032588568829,0.31792113300707,-5.67203205344264,1.41113564738694e-08,6.16408259877759e-07
"ENSG00000230570.1",1.42276424336924,-2.38850023690036,0.460911645461269,-5.18212169386609,2.19375999865587e-07,5.98751054076019e-06
"ENSG00000230910.2",4.70154564311372,1.6257733973541,0.198427510711638,8.19328626118144,2.54188651622532e-16,1.29442226251253e-13
"ENSG00000230916.2",49.1438576826227,-3.09523891598195,0.28627331081088,-10.8121812236515,3.0141652623938e-27,1.45817779981456e-23
"ENSG00000231106.2",119.271678161495,-1.52348702219885,0.231523054691737,-6.58028214178197,4.69556380332713e-11,5.32434744034537e-09
"ENSG00000231131.5",6.30908684327384,-1.57323541209352,0.269103727156159,-5.84620446814022,5.0291582162688e-09,2.61610861943596e-07
"ENSG00000231476.1",6.33738308687281,4.03568437892566,0.461721047400144,8.74052504569537,2.32029530154428e-18,1.91063976085887e-15
"ENSG00000231490.1",1.08347503848287,2.27906024000378,0.519188073611041,4.38966215874824,1.1352689556119e-05,0.000159059919630573
"ENSG00000231817.6",10.1392939662209,-1.77659583751267,0.353875326002417,-5.02040042628047,5.15638754157543e-07,1.21330938709664e-05
"ENSG00000232190.2",1.85675185308955,-1.92281850757828,0.400801715982262,-4.79743082652715,1.60713683430579e-06,3.12716992263966e-05
"ENSG00000232325.3",2.06954659577322,-1.97876669405847,0.390521782626867,-5.06698161815248,4.0417329562684e-07,9.90646921301453e-06
"ENSG00000233052.1",11.1979023417502,2.21618852488025,0.401141320610645,5.52470765541335,3.30034684925093e-08,1.25773012720064e-06
"ENSG00000233125.2",7.07205474254088,-2.56293575752844,0.290209592740989,-8.83132681219069,1.03441265857006e-18,1.00084596779946e-15
"ENSG00000233936.1",1.13579503001295,-1.57858574366897,0.565899153690045,-2.78951776721264,0.00527866000487003,0.0226415493193483
"ENSG00000234352.8",0.862283618821634,-1.87670859135232,0.551780557942394,-3.40118651217183,0.000670940336119357,0.00436049250856278
"ENSG00000234979.1",7.33311518127092,1.5354049135389,0.446948323665384,3.43530746674957,0.000591881874402343,0.00395221054229115
"ENSG00000235277.1",6.54496886536344,-3.02422257122929,0.496937446028096,-6.08572083951651,1.15968352562964e-09,7.73864852644586e-08
"ENSG00000235338.1",0.82258437005713,-2.35631590128433,0.473639473051391,-4.97491454017529,6.52764314224561e-07,1.47998151664434e-05
"ENSG00000235623.2",0.640338068448702,-1.50431756373463,0.550184426974932,-2.73420600434984,0.00625309088631374,0.02586928097083
"ENSG00000236226.1",0.586294233137774,-1.59999054778382,0.503533223652239,-3.17752726657981,0.00148536722286935,0.00829773127302104
"ENSG00000236242.1",0.666628692274885,-1.68889105167069,0.515815910941866,-3.27421278763351,0.00105956790269976,0.00630495033368482
"ENSG00000236318.1",15.5392048387824,-1.72330100511531,0.317049468556647,-5.43543256186663,5.46636573469003e-08,1.89230131184234e-06
"ENSG00000236347.1",1.31259435622523,-1.86179404922239,0.736959150237617,-2.52631919777656,0.0115264701193733,0.0416485338959934
"ENSG00000236366.1",1.62819216521479,-2.1466181709242,0.425710983054436,-5.04243079547165,4.59655016507019e-07,1.10288707060475e-05
"ENSG00000236385.1",5.70180008313377,-1.50685387054814,0.245990682030787,-6.12565426506502,9.03117209004927e-10,6.24150753980512e-08
"ENSG00000236390.1",1.33090363933325,1.55688602902464,0.38749499226426,4.01782232056019,5.8738459812714e-05,0.000609299349148125
"ENSG00000236969.2",0.52145214399263,-1.54636113340544,0.447534964949157,-3.45528563021019,0.00054971013201546,0.00372341741109729
"ENSG00000237167.1",0.72688388516406,-1.72170444704028,0.437462721623043,-3.93565979897107,8.29684353761381e-05,0.00080720070033366
"ENSG00000237494.1",0.621028517520914,-2.18637843216984,0.664967454123711,-3.28794803205975,0.00100920466615137,0.00606306100425184
"ENSG00000237617.1",0.797732021178595,-1.97572471364226,0.605718308660171,-3.26178800507532,0.00110711905227386,0.00652768457664578
"ENSG00000237650.1",1.60318895139091,1.7932939542536,0.545496129075102,3.2874549582857,0.00101097359995098,0.00607274565657346
"ENSG00000237670.1",0.759621093835185,1.96493617549269,0.551512553469229,3.56281314565277,0.000366901841647298,0.00267467226887054
"ENSG00000237978.4",31.7489885396077,-2.16950785673228,0.358497362406939,-6.05167034470289,1.43351590086938e-09,9.27758066813491e-08
"ENSG00000238125.1",0.688582731237049,-1.99706006598048,0.555450868640424,-3.59538562045763,0.000323911420437906,0.00241588356018266
"ENSG00000238266.1",12.534256938087,-1.75581406164175,0.301864892294961,-5.81655603701703,6.00724105880241e-09,3.03911429356563e-07
"ENSG00000238269.7",2.03614086561913,1.83499745457773,0.317252448282401,5.78402929437541,7.29322331298134e-09,3.56842387685213e-07
"ENSG00000239311.1",1.69475130545537,-3.8785038839944,1.37940915634112,-2.8117138893598,0.00492783150961264,0.0214650461547584
"ENSG00000240280.5",40.5004233974125,-2.76801735556605,0.309753339704253,-8.93619858371474,4.02787820892542e-19,4.21316060653599e-16
"ENSG00000240405.4",2.61174041456459,-1.63724787474381,0.265063393693269,-6.1768162398103,6.54071257555125e-10,4.76720636721251e-08
"ENSG00000240521.1",28.7493293121694,-2.03716405641532,0.500722825696463,-4.06844655739789,4.7327612939633e-05,0.000511354906753121
"ENSG00000240661.1",0.602041071036532,1.58468273223084,0.583317972403712,2.71667050768338,0.00659422191254958,0.027005808017965
"ENSG00000241439.1",1.38747345418717,-2.20907043553651,0.493922918060057,-4.4725003735662,7.73102651943296e-06,0.000115301035974988
"ENSG00000242488.2",1.45616913991865,1.67733030703497,0.372168124545989,4.50691554813072,6.57767978885097e-06,0.000100501130354564
"ENSG00000242575.1",1.62140124827179,-2.08441862455388,0.429141788627347,-4.8571793281216,1.19069749592668e-06,2.42538813091339e-05
"ENSG00000242795.2",0.97730231296369,1.63708735267676,0.463370684940217,3.53299724363869,0.000410876755416191,0.00293606945866274
"ENSG00000244067.2",5.34182783963235,-2.2502306011586,0.345537643433131,-6.51225892149161,7.40289682676616e-11,7.71111888247542e-09
"ENSG00000244122.2",1.47552509306226,-2.17282767257361,0.727476154425495,-2.98680260425792,0.00281911684786702,0.0139129635611004
"ENSG00000244676.4",7.30752618206697,-1.55497642172361,0.275079987296174,-5.6528155210702,1.57840688687303e-08,6.77245048068291e-07
"ENSG00000244730.1",1.05066209314836,1.76537854921153,0.48871295168668,3.61230154248773,0.000303491357844266,0.00229722717216679
"ENSG00000246820.2",0.768894403844573,-1.87092702479053,0.692494869102154,-2.70171969247405,0.00689818909803437,0.0279436586217423
"ENSG00000248211.1",0.558817774041326,-1.56966724100082,0.571568454555251,-2.74624540331256,0.00602816537192579,0.0251386777319208
"ENSG00000248238.1",1.25060082311094,-2.57023746918599,0.527066100930343,-4.87649929420461,1.07985074405844e-06,2.23249911840544e-05
"ENSG00000248359.1",3.28622378693756,-1.96761301674019,0.483020471779442,-4.07356029754086,4.62998572280945e-05,0.000502213305617072
"ENSG00000248431.1",4.93649509866337,-1.92032782110531,0.474187951600169,-4.04971871306531,5.12792327614949e-05,0.00054642314601745
"ENSG00000248515.1",3.63112961644809,-1.65666871523071,0.445430705482296,-3.71925126588867,0.000199814206412493,0.00163689868795511
"ENSG00000248590.2",2.70877506673086,-2.25097252902031,0.489509497553515,-4.59842462765338,4.25697667842238e-06,6.98700218016552e-05
"ENSG00000248846.2",2.05477095366193,-1.53048640819022,0.382751273486295,-3.99864484904194,6.37061887323725e-05,0.000651230036006413
"ENSG00000249505.1",1.41039174510874,-1.58024611711751,0.439367455862475,-3.59663897731229,0.000322355390110796,0.0024084552718278
"ENSG00000249609.1",3.07159670717685,1.57687773092229,0.22919367376313,6.88011019253517,5.9806280662418e-12,9.76634039745528e-10
"ENSG00000249916.1",1.77045499641799,-1.54229685560074,0.520374999204228,-2.96381812723375,0.00303847810645539,0.0147676980630462
"ENSG00000249956.3",6.61188340490568,-2.48245536844705,0.639842367012539,-3.87979211198186,0.000104545779568071,0.000974266978291233
"ENSG00000250241.4",3.41269993302764,1.63595025956425,0.360409129942917,4.5391476620566,5.64820736563035e-06,8.87162830619422e-05
"ENSG00000250250.1",0.865867310834445,1.76066074414832,0.644539533251427,2.73165671509168,0.00630167630056569,0.0260341029231953
"ENSG00000250501.2",1.66218785327025,1.9067881070288,0.368437682775967,5.17533410986151,2.27503492679568e-07,6.14434066551615e-06
"ENSG00000250546.4",11.1263159900573,-1.74228814683307,0.43206202974902,-4.03249539850828,5.51876959438533e-05,0.00058008533634411
"ENSG00000250563.1",2.21097906178247,-2.75843322780091,0.441887541918302,-6.24238740885549,4.30941968359694e-10,3.39680571475701e-08
"ENSG00000250577.1",1.75039266762297,1.71887538805345,0.367483061482499,4.67742752854831,2.90496190239554e-06,5.0599144308544e-05
"ENSG00000250612.1",16.6552364952919,-2.32035196542156,0.886104567252085,-2.61859835867594,0.00882918339806474,0.0339534038028519
"ENSG00000250696.4",37.3516761007943,-2.40148005638582,0.542316631257937,-4.42818810630135,9.50280089049776e-06,0.0001369748231151
"ENSG00000251026.1",1.68134744909985,-1.92516106721882,0.498647757806052,-3.86076350907329,0.000113033266161656,0.00103715451631098
"ENSG00000251629.5",0.697866461238111,-1.68123553936735,0.684571339765117,-2.45589530514701,0.0140534093202762,0.0486532827187879
"ENSG00000253164.4",2.50877984544304,-2.035357383764,0.360301900444554,-5.64903316150344,1.61352731340129e-08,6.89025627537848e-07
"ENSG00000253217.1",9.15840643471978,-1.85968290368465,0.298039468201056,-6.23972024547473,4.38354149891946e-10,3.44820778640611e-08
"ENSG00000253301.4",5.51650322361165,-2.71447060142275,0.416987806539682,-6.50971217587495,7.52949344084331e-11,7.81250549993346e-09
"ENSG00000253308.2",1.64900697034373,1.56265156781653,0.385326768563056,4.05539322804876,5.00500312682344e-05,0.000534945128457114
"ENSG00000253348.1",20.5979478122713,-1.70548015513167,0.214918724581681,-7.93546564382059,2.09707038080435e-15,8.63412956147766e-13
"ENSG00000253417.4",5.19630016720816,-1.71992754658348,0.265457954540105,-6.47909590640517,9.22738405180049e-11,9.20407777249439e-09
"ENSG00000253644.1",0.841982845431359,-2.02963039522939,0.651180818508013,-3.11684610102564,0.00182796971391857,0.00980813584750818
"ENSG00000253664.1",0.678804140364798,-2.00207249355081,0.785854082800555,-2.54763897951132,0.0108454643405238,0.0397632778426441
"ENSG00000253737.1",1.40285557054393,-1.85204126841065,0.372322016562932,-4.97429962779977,6.54839573834895e-07,1.48208194073439e-05
"ENSG00000253821.1",1.50833412980017,-2.05914982141948,0.428331295421615,-4.80737654107813,1.52923797371311e-06,2.99668699031112e-05
"ENSG00000253824.1",4.32757791382178,-1.59166317696501,0.274278644769611,-5.80308823642461,6.51045080600176e-09,3.27230476745299e-07
"ENSG00000253937.1",8.9266096360262,2.42789145512886,0.492922984233477,4.92549857236697,8.41455251372078e-07,1.81995999120734e-05
"ENSG00000254089.1",4.36333580585316,-1.98887095496441,0.721147416398178,-2.75792564701676,0.00581694272646163,0.024441137487734
"ENSG00000254235.4",1.63640700177155,-1.86970548975959,0.420316969480328,-4.44832263629818,8.65434686367123e-06,0.000126810832262515
"ENSG00000254367.4",1.12866712340034,-1.64364147994634,0.414207092307541,-3.96816353575608,7.2428626279466e-05,0.000722829472477538
"ENSG00000254404.1",10.8481239898817,1.55734696052937,0.337767365384119,4.61070878993389,4.01298362695558e-06,6.64572068166174e-05
"ENSG00000254416.4",1.83481225967252,-1.58821792725417,0.423473454427773,-3.75045451054372,0.000176514326493738,0.00148703906485865
"ENSG00000254529.1",2.34100176193872,1.53899485821087,0.309135477819554,4.97838316412587,6.41176289884929e-07,1.46055354744712e-05
"ENSG00000254607.2",9.31025764335058,-3.47441886277045,0.347311607034969,-10.0037510765387,1.467313942661e-23,3.78586561392439e-20
"ENSG00000254879.1",1.64693977483354,1.55408340837111,0.329346417996524,4.71868926896153,2.37369062940356e-06,4.26889287821452e-05
"ENSG00000254898.1",1.21151419043349,1.76938978096618,0.359806543523655,4.91761423691243,8.76053344424199e-07,1.88047789993929e-05
"ENSG00000255257.1",1.68822589174143,-1.73993130470979,0.643343243114976,-2.70451477237142,0.00684042281394389,0.0277561379477098
"ENSG00000255327.1",0.602194142803769,-2.14127148699687,0.516294407127155,-4.14738462675137,3.36294839453551e-05,0.000385752308136673
"ENSG00000255345.1",7.38949508289358,-1.99933366604374,0.349269487507556,-5.7243296009374,1.03842973814568e-08,4.79586011046709e-07
"ENSG00000255394.4",1.17628082692036,-1.95287174205012,0.523195534330707,-3.73258488253022,0.000189524798389551,0.00157167104076974
"ENSG00000255965.1",1.21010013988255,1.70141481275622,0.389200697094931,4.37156157595787,1.23361048161948e-05,0.000169602816552885
"ENSG00000255974.5",365.24982790988,-1.99103175030036,0.336154905443881,-5.92295908242441,3.16199541241136e-09,1.79964038898742e-07
"ENSG00000256019.1",1.38245236477825,1.60695535776234,0.374882917696551,4.28655263258245,1.81467222640325e-05,0.000232708563639028
"ENSG00000256064.1",0.655850830624795,-1.92285770761572,0.730873448988289,-2.63090376354133,0.00851581465105014,0.0329809925572844
"ENSG00000256209.1",0.905166059409857,-1.8588728593921,0.507924740085242,-3.65974073064473,0.000252470565279081,0.00197930615838482
"ENSG00000256499.1",0.793738140505264,-1.64830571217599,0.476444008984362,-3.45960003923586,0.000540978281657167,0.00367784339234334
"ENSG00000256557.1",0.696569417631187,1.50778668478309,0.523395906522735,2.88077660904976,0.00396696693574391,0.0181691780292498
"ENSG00000256678.1",16.1813279440791,-2.65202714036354,0.417461039954914,-6.35275363815977,2.11494294499447e-10,1.86028458766309e-08
"ENSG00000257271.1",9.33579519895494,-3.84652960419595,0.487069834835979,-7.89728562330549,2.85042675806436e-15,1.10344214546479e-12
"ENSG00000257869.1",1.80735067292905,-2.92789636583231,0.789393124490453,-3.70904720980721,0.000208040638958739,0.00169435791434788
"ENSG00000258314.3",2.23552215535861,-3.0281615624177,0.576631433759745,-5.25146806977468,1.50891693434618e-07,4.39744752959833e-06
"ENSG00000258483.2",2.65385517096225,-1.7211877762509,0.351919123003238,-4.89086174562632,1.0039546558174e-06,2.1093948474183e-05
"ENSG00000258696.1",1.35909685474324,1.54204715516848,0.356319324509776,4.32771126654449,1.50666801271757e-05,0.000199217852504938
"ENSG00000258752.1",10.414606876609,1.50232338660185,0.344584615343013,4.359809810738,1.30175533950288e-05,0.000177333809044141
"ENSG00000258868.1",0.651616926461443,-2.01168706554797,0.649258276418141,-3.09843884724295,0.00194543115113828,0.0103168095932247
"ENSG00000258910.2",54.0476204425393,-3.06257845047126,0.351539723908912,-8.71189866231108,2.98826771998524e-18,2.4094153603931e-15
"ENSG00000259094.1",4.01375638509403,-3.58359139198868,0.625014068358924,-5.7336171670471,9.83110968377359e-09,4.58966956551756e-07
"ENSG00000259144.2",2.88779790895571,-2.14674195027453,0.31884657010667,-6.73283689254158,1.66386551912169e-11,2.2584636264883e-09
"ENSG00000259196.1",0.785027128379399,1.54294721396749,0.427355145030289,3.61045662351422,0.000305658418154392,0.00231046720691626
"ENSG00000259359.1",1.32467704085723,1.67067080451978,0.37986286232392,4.39808933755455,1.09208028138608e-05,0.000154122188694163
"ENSG00000259374.2",14.7681403099282,-2.53372145940932,0.308793322619,-8.20523396658907,2.30142259825708e-16,1.18759543196994e-13
"ENSG00000259974.2",1.37543919551273,-2.2521300100249,0.776764105825922,-2.89937446019116,0.00373908045110818,0.0173180818117268
"ENSG00000260026.1",1.07484137060137,-1.88497110100533,0.545962767674376,-3.45256345782459,0.000555286848478919,0.0037492518509824
"ENSG00000260246.1",4.41404048644973,1.56003977676597,0.402388581337045,3.87694842528163,0.000105774768754001,0.000983770642336919
"ENSG00000260289.1",3.90844672548993,-1.53364091256218,0.457711180110456,-3.35067391666526,0.000806151695592085,0.00505463317913658
"ENSG00000260498.4",0.794583228940886,-1.59395487429506,0.371360725228979,-4.29220099490121,1.76910693998553e-05,0.00022777104720998
"ENSG00000260701.1",2.65672714230959,1.71400468760056,0.477644025051012,3.58845625132127,0.000332641797046195,0.00246862949746536
"ENSG00000260734.3",0.548013577998486,-1.62802532803607,0.634464375611653,-2.56598382922064,0.0102883624473154,0.0381471741172638
"ENSG00000261175.4",267.246442865867,-2.38641288634703,0.3069580801657,-7.77439344505548,7.58097724900609e-15,2.59645116363746e-12
"ENSG00000261231.5",1.35574831902814,-1.6974295001412,0.35616034228952,-4.76591382754618,1.87999601932597e-06,3.53523925523948e-05
"ENSG00000261241.4",0.858552215494248,-2.01516963460692,0.469285499560467,-4.29412295179443,1.75385264940946e-05,0.000226032651473343
"ENSG00000261489.1",1.11790157791482,1.91025226094594,0.394360879335783,4.84391926542854,1.27302676758916e-06,2.56474138257342e-05
"ENSG00000262521.1",0.690788057343666,-1.79542041157615,0.696958109377741,-2.57608081091006,0.00999272889196503,0.0373877217301654
"ENSG00000262902.1",514.80348761388,-1.89088695217309,0.290257777151913,-6.51450917431732,7.29277248475789e-11,7.64891275623576e-09
"ENSG00000263082.1",5.46225714044302,-3.01617654613077,0.382092230069391,-7.89384423122921,2.9301785023819e-15,1.11180165097239e-12
"ENSG00000263588.1",0.892237909979038,-2.5996527130077,0.85113144635793,-3.05434927135151,0.0022554932200216,0.0116141695850553
"ENSG00000263680.2",1.63494706272194,-1.58462650106707,0.350910825127262,-4.51575268586367,6.30922635824927e-06,9.70893353944187e-05
"ENSG00000263893.2",2.74474620147529,-2.00902059365506,0.381845170553777,-5.26134870513472,1.43002532557299e-07,4.1959696853924e-06
"ENSG00000264026.1",0.853996875824972,-1.93969289166618,0.521596313503758,-3.71876265504359,0.000200201051384169,0.00163947970602414
"ENSG00000264464.1",0.503444329834217,-1.74573574311266,0.585312579188931,-2.98257000649419,0.00285839268866544,0.0140583954551696
"ENSG00000264829.1",1.36414025758908,1.64488215282773,0.386450789613852,4.2563819172716,2.07761686301078e-05,0.000259715529173913
"ENSG00000265417.1",0.852334962054077,-1.75112018688754,0.416960513869763,-4.19972666149031,2.67237393553352e-05,0.000318921418603201
"ENSG00000265992.1",3.99653299302046,1.68356231473774,0.38842329532473,4.33434949706156,1.46191762662316e-05,0.000194630670744994
"ENSG00000266278.1",3.18652426833528,-1.5732097118163,0.336444740748154,-4.67598247580849,2.92549590142572e-06,5.08636758207449e-05
"ENSG00000266560.4",0.652532463840873,-1.55006580099297,0.577174848154119,-2.68560871276752,0.00723978182577121,0.0290025914730356
"ENSG00000266602.1",2.45541441987933,-1.85617853663224,0.660423763579854,-2.81058713964311,0.00494511959943825,0.0215258147269665
"ENSG00000266869.1",1.40938408512152,-3.0377835153111,0.72999749307858,-4.16136157194187,3.16355739342685e-05,0.000367124432504966
"ENSG00000267038.1",2.90146677102486,-1.98481201683846,0.494332656716845,-4.01513432274688,5.94119485788721e-05,0.000615131416238498
"ENSG00000267978.4",0.958733011068319,-2.49043173080429,1.01454720732634,-2.45472237547959,0.0140993429752506,0.0487861217548635
"ENSG00000268390.1",1.27027840886957,2.23611401210499,0.550160159914044,4.0644782647554,4.81400245053861e-05,0.000518540280658908
"ENSG00000268673.3",0.720526839559289,1.70559536912073,0.421229163066937,4.04909137036577,5.14168693155178e-05,0.000547738969515323
"ENSG00000268906.1",3.20012748442565,1.77473822338658,0.468596404503058,3.78734921209792,0.000152263031320726,0.00132191485259922
"ENSG00000268916.4",4.63933299333809,-2.60395692852069,0.430228529445975,-6.05249710397849,1.42617563482385e-09,9.24553591607245e-08
"ENSG00000271278.1",0.895164565815381,1.58522411982664,0.440447063378228,3.59912518809406,0.000319289465966464,0.00239201333949557
"ENSG00000272203.1",4.90511609737544,1.51059179022356,0.332419648079448,4.54423136222841,5.51360730003692e-06,8.68842140578294e-05
"ENSG00000272620.1",114.37312998118,-2.46536758864943,0.267834318471516,-9.20482335019222,3.42233673451028e-20,4.41504254330056e-17
"ENSG00000272797.1",0.682036479481439,1.73926628421425,0.317332971243338,5.48088740164519,4.23197764639148e-08,1.53214217839703e-06
"ENSG00000272865.1",0.972414296024231,-1.77693050008625,0.490529372242796,-3.62247522908114,0.000291797411275195,0.00222305972660878
"ENSG00000273093.1",4.26191920192927,1.96100522984741,0.288349433232005,6.80079446616978,1.04043771334108e-11,1.51951020308401e-09
"ENSG00000273252.1",1.42738408602856,-1.57652138610191,0.472865544066199,-3.3339739084081,0.000856146883572054,0.00530662983472224
"ENSG00000273760.1",12.2626495181276,-1.95113508754737,0.321013786199029,-6.07804141575923,1.21659337374943e-09,8.06243095048809e-08
"ENSG00000273983.1",50.5316206971378,-1.68495980628177,0.230018953015327,-7.32530856346217,2.38349650330938e-13,5.80164035667168e-11
"ENSG00000274267.1",7.98670264462989,-1.51921817581843,0.255784582349468,-5.93944389401384,2.85990530082291e-09,1.65447017866141e-07
"ENSG00000274997.1",2.78942078694941,-1.85295410311569,0.284708460750759,-6.5082509252783,7.60308428219945e-11,7.84678847705821e-09
"ENSG00000275216.1",3.67652023450178,-2.03345563251503,0.579714322075958,-3.50768569117496,0.000452022763483506,0.00317556452937714
"ENSG00000277748.1",1.0598667928791,-1.88855911330149,0.560762228064825,-3.36784294444877,0.000757587395800843,0.0048073696331012
"ENSG00000278097.1",1.15946733845003,-3.12093423425888,0.985191014556656,-3.16784683187891,0.00153572406877015,0.00851878929476025
"ENSG00000279379.1",0.993475635569127,-2.31800127105584,0.88940916829417,-2.60622596852877,0.00915460442433903,0.0349547652358691
"ENSG00000279694.1",12.6457009842526,-1.50984804229209,0.370159186098416,-4.07891550175026,4.52462774099551e-05,0.000493551699075559
"ENSG00000280081.2",4.41436465552748,-3.82627164176449,0.610015984794541,-6.27241209597683,3.55497165937423e-10,2.8965160665495e-08
"ENSG00000280356.1",1.24229290572772,1.70395480829172,0.450871505665615,3.77924705127727,0.000157303296815316,0.00135589135709273
"ENSG00000280429.1",3.70726288666777,1.5066477997075,0.26686287065741,5.64577528524635,1.64438516881802e-08,6.97817925478017e-07
"ENSG00000280432.1",0.961108727771155,-1.54734366982943,0.393353552614192,-3.93372237150503,8.36403864605525e-05,0.000812047298923156
"ENSG00000280719.1",1.40383297627761,-1.77995001341026,0.392870652262234,-4.53062605506653,5.88091524504454e-06,9.15539749854038e-05
"ENSG00000280916.1",12.0129807350997,-2.68325222472549,0.349901964210444,-7.668582915161,1.73906927770853e-14,5.42785961176415e-12
"ENSG00000281131.1",0.891824507881063,-2.07612935415822,0.814866966044227,-2.54781386492668,0.010840029203763,0.0397546489381251
"ENSG00000281566.1",1.06030178874913,-1.70479039935093,0.576548851948254,-2.95688803054618,0.00310760943801228,0.0150330817896131
"ENSG00000281591.1",4.11900600682679,1.94232166234428,0.288421991751219,6.73430500410542,1.64715335710568e-11,2.24881935787281e-09
